number,country,n,i,o,rgdpw60,rgdpw85,gdpgrowth,popgrowth,i_y,school,rgdpw23,gdpgrowth_23,popgrowth_23,i_y_23,school_23,ln_pl_i_23,alpha_23,g_meas_23,delta_23,lngd_meas_23
1,Algeria,1,1,0,2485,4371,4.8,2.6,24.1,4.5,3975.8060368927963,3.341534912105515,2.573516442116386,34.00807834696025,13.504585713580145,-1.5572865383707757,NaN,NA,0.04163513233652339,NA
2,Angola,1,0,0,1588,1171,0.8,2.1,5.8,1.8,11601.222524926518,2.7144748010834663,3.053154692648863,33.30106468940223,4.768253660006554,-1.3770837060874097,0.7150747207579788,-0.011599268956760111,0.04035666391805366,-2.8253324678079723
3,Benin,1,0,0,1116,1071,2.2,2.4,10.8,1.8,3783.8254255485276,4.791631696141474,2.7802495662486937,10.44737226329744,6.855874454564807,-1.0276015082609111,0.3725542087446563,0.008463772168497252,0.04494901339057833,-2.510651857136695
4,Botswana,1,1,0,959,3671,8.6,3.2,28.3,2.9,13186.82485165235,7.269338098945677,2.898016570669304,27.530819561798126,9.289146251489631,-1.1119269362687263,0.6807926986366506,-0.0010914009023077487,0.04120578843867406,-2.6722793755836247
5,Burkina Faso,1,0,0,529,857,2.9,0.9,12.7,0.4,1417.13583481693,4.069386338026626,2.454265537802147,12.637393805198366,4.26078221565459,-1.1514637598357342,0.5157301002182066,-4.208816221371592e-4,0.043737173080444336,-2.6903240393997607
6,Burundi,1,0,0,755,663,1.2,1.7,5.1,0.4,826.2579767412158,2.7324053790104053,2.5854413401734666,9.500624774955208,4.008992506927615,-1.2923121151379464,0.2992437292229043,-0.009247456308886792,0.034329229383729405,-2.9771816752764453
7,Cameroon,1,1,0,889,2190,5.7,2.1,12.8,3.4,1459.2183754580658,3.5224715706930088,2.71135650870451,15.511968708597127,8.578139722815335,-0.8177595723769298,0.40304845105856657,-0.0057540132696508595,0.04870749748079106,-2.658302648258673
8,Central Afr. Rep.,1,0,0,838,789,1.5,1.7,10.5,1.4,541.0433187072628,0.8709771535459154,1.5739381931290541,15.922944556223232,3.215301297794424,-1.162238529130023,0.795752555131912,-0.003263070027769377,0.04130008997162805,-2.922920534895259
9,Chad,1,0,0,908,462,-0.9,1.9,6.9,0.4,1572.623725771663,3.7560971261430653,2.855446565052211,11.458862622384913,4.276976896342726,-1.1179787505551728,0.5307838297449052,NA,0.04192713354132139,NA
10,"Congo,",1,0,0,1009,2624,6.2,2.4,28.8,3.8,1540.3754990669897,3.610211541094799,2.9167646233788203,22.76132667902857,14.529684218598835,-0.37737442636372914,NaN,NA,0.046244264405686415,NA
11,Egypt,1,0,0,907,2160,6,2.5,16.3,7,4415.343431060796,5.174847193864873,2.5655369385471527,7.175199339690151,13.747074669220472,-0.17806691915037304,0.6174436835572121,-0.0011642471111844577,0.06330271327169612,-2.4327639909883403
12,Ethiopia,1,1,0,533,608,2.8,2.3,5.4,1.1,1707.780736194744,4.8844241895602325,2.963651591970473,10.4686506849248,4.703488517614103,-0.8905758357587664,NaN,NA,0.03783595148706809,NA
13,Gabon,0,0,0,1307,5350,7,1.4,22.1,2.6,3157.626371734604,3.9422699663404392,2.497076977767909,16.206440038513392,8.75917034957797,-0.3123758368439758,0.6325705326162279,-0.008410057895243739,0.04624963679816574,-2.7676354311763594
14,"Gambia, The",0,0,0,799,NA,3.6,NA,18.1,1.5,862.6611024404651,3.2088546932447892,3.0833423265006044,10.929836996365342,4.66021585734863,-1.0097981413724437,NaN,NA,0.036600170424208045,NA
15,Ghana,1,0,0,1009,727,1,2.3,9.1,4.7,1715.2151880961096,3.657146093045527,2.7878232532817737,28.652098681777723,11.955222470746735,-1.5884820308515322,NaN,NA,0.05806625721743331,NA
16,Guinea,0,0,0,746,869,2.2,1.6,10.9,NA,1375.7778810622535,3.2232883417418368,2.2253230688067838,8.928107406245546,5.161866258965067,-1.0969526735647823,0.6949685507199979,NA,0.04706864908803255,NA
17,Ivory Coast,1,1,0,1386,1704,5.1,4.3,12.4,2.3,2933.337673263335,4.741907934615752,3.5028349163485073,10.443622809543747,7.832203419863563,-0.6791773251243268,0.4580904869362714,-0.006507271087409228,0.047233423916623,-2.580257404111835
18,Kenya,1,1,0,944,1329,4.8,3.4,17.4,2.4,1311.309816133354,4.0762061014794515,3.5346796919148105,11.76369951572269,12.124273694827544,-1.0582970017840945,0.47975588869303454,-3.458005848631096e-4,0.04529850569088013,-2.521991859478723
19,Lesotho,0,0,0,431,1483,6.8,1.9,12.6,2,1340.7199293973038,4.005246891508296,2.14851609920248,17.020637424138837,6.181978507632021,-1.1927517621536199,0.31823406175330826,0.002646164106195892,0.05398465599864722,-2.5495606195495983
20,Liberia,1,0,0,863,944,3.3,3,21.5,2.5,3167.3939633231694,2.069960030143081,2.5474770505561573,16.37860798587402,6.0007829899058684,-1.0397684921660337,NaN,NA,0.05420689259966215,NA
21,Madagascar,1,1,0,1194,975,1.4,2.2,7.1,2.6,621.7587673416334,2.0210382217075606,3.083195363738911,7.659459093702024,7.817559105329569,-0.7622034540046896,NaN,NA,0.03981683787424118,NA
22,Malawi,1,1,0,455,823,4.8,2.4,13.2,0.6,1725.2314078360798,5.099423283393012,2.89930951888433,15.846856136340651,6.835032795593986,-1.0702603662191004,NaN,NA,0.05565378797473386,NA
23,Mali,1,1,0,737,710,2.1,2.2,7.3,1,7242.550073988581,5.978285375919468,2.2031135698730386,10.759729516576048,4.44549101444657,-0.8387296235569904,NaN,NA,0.06460935197537765,NA
24,Mauritania,1,0,0,777,1038,3.3,2.2,25.6,1,1523.5403973307823,3.952378546447788,2.847239167387028,22.309688304085277,5.82199545180482,-1.4225071836889023,0.5291835367679598,-0.003440365513943666,0.03970400826074183,-2.7374372862886447
25,Mauritius,1,0,0,1973,2967,4.2,2.6,17.1,7.3,10201.114913292724,4.188323363629576,1.5063767913838788,14.104407007107516,14.081397476668325,-1.040713385271219,0.5131062744185331,0.0033749032002701185,0.045649355859495706,-2.7474977191855534
26,Morocco,1,1,0,1030,2348,5.8,2.5,8.3,3.6,4302.408464268017,4.612229241917021,2.265067038910451,19.910789356799803,9.09933518385235,-0.9989572753921702,0.4860127214342356,0.007465576435484733,0.04213175529730507,-2.6276506046640473
27,Mozambique,1,0,0,1420,1035,1.4,2.7,6.1,0.7,4582.045002742794,4.410335798563381,2.4867596772967238,20.535750826820735,3.084953995635204,-0.7837489614433935,0.5285155046731235,-4.0860788401198e-4,0.05025062576169148,-2.594146484943123
28,Niger,1,0,0,539,841,4.4,2.6,10.3,0.5,381.7147695332962,2.695977551447748,3.2599716631070974,16.33821020368487,2.4178044131536365,-1.3403232669274516,0.5199145893566312,-6.476017795450373e-4,0.03374451250419952,-2.7227076888164303
29,Nigeria,1,1,0,1055,1186,2.8,2.4,12,2.3,1600.7857190635339,3.286024580011304,2.6047022710838474,39.79756117332726,7.21681019153728,-0.5466746091601968,0.6789092230610548,-0.0070365729150129175,0.02946598210837692,-3.0266775392653997
30,Rwanda,1,0,0,460,696,4.5,2.8,7.9,0.4,1239.2403885160077,4.4187897984015345,2.789072080360522,7.621768908575175,7.265287781376255,-0.7893072515001432,0.24158738553523995,0.007316175244127754,0.054806524305604405,-2.407796504731332
31,Senegal,1,1,0,1392,1450,2.5,2.3,9.6,1.7,1512.2938708346924,2.992253496376307,2.856840662406057,11.212178977439182,6.825371232045596,-0.892043673373896,0.5100891278125348,-0.01150227723680064,0.040851613855920746,-2.848731495006642
32,Sierra Leone,1,0,0,511,805,3.4,1.6,10.9,1.7,4929.556725607909,3.395310960159059,2.1199955597519082,5.474678486112565,7.781694247580677,-0.34536893041663913,0.4564512128179723,-0.0033317889183728244,0.04837510752536002,-2.7144213407108704
33,Somalia,1,0,0,901,657,1.8,3.1,13.8,1.1,2758.728846306772,4.222181989678853,2.933005080007689,19.17464152254441,1.6596606769326956,-1.1009392275273064,NaN,NA,NaN,NA
34,S. Africa,1,1,0,4768,7064,3.9,2.3,21.6,3,6008.946338562619,2.8824416284447985,2.5053720558412484,18.578895065002143,13.543370361738514,-1.1825555005831865,0.4208348123356701,0.0018432807259749495,0.04482609580736607,-2.6349424480800567
35,Sudan,1,0,0,1254,1038,1.8,2.6,13.2,2,4619.358178567864,3.7078301938691993,3.0490929716640025,12.389627754412315,8.577562188115934,-1.323318153212445,0.27529071436987984,-2.654199074215713e-4,0.03735401191645198,-2.6944502748789168
36,Swaziland,0,0,0,817,NA,7.2,NA,17.7,3.7,14653.919002309915,4.604473309845969,2.3846373367419904,12.268600833636748,10.441243755696949,-0.8095177981951979,0.3729982281273061,0.010822409100243124,0.06329495128658083,-2.3231579325342513
37,Tanzania,1,1,0,383,710,5.3,2.9,18,0.5,1063.8003595102662,4.804749889340654,3.1190069620547156,20.242013165261596,2.6302567525355647,-1.1757157256477953,0.5214671348221598,-0.0018686005374013437,0.040937076380942024,-2.655573334549358
38,Togo,1,0,0,777,978,3.4,2.5,15.5,2.9,1566.414658500561,4.047091620793153,2.895608168027275,20.600630523404106,8.008363301933239,-1.3197489551392985,0.39815042032436887,2.3831080020775275e-4,0.04133738792734221,-2.6516918848108024
39,Tunisia,1,1,0,1623,3661,5.6,2.4,13.8,4.3,7618.730616098131,4.585766258248891,2.049959116951361,16.35740183992312,12.247307238386028,-1.0524957855686607,0.46434806520119276,0.007326655962837769,0.04454770794836805,-2.625908780765298
40,Uganda,1,0,0,601,667,3.5,3.1,4.1,1.1,1554.2212684222245,4.619511668812404,3.0535300822497113,15.653739252593372,2.3957105751647965,-1.050251124000984,NaN,NA,0.0566842535044998,NA
41,Zaire,1,0,0,594,412,0.9,2.4,6.5,3.6,248.80053646017603,1.6057662888127933,3.0189990550013146,17.210448416881263,7.001660122155537,-1.2858732916807794,NaN,NA,0.022732324519893155,NA
42,Zambia,1,1,0,1410,1217,2.1,2.7,31.7,2.4,1650.4270286689846,3.4448492217869386,3.1866512341675257,14.50809454254341,3.7369663403196336,-0.8159476225008677,0.5736937667243179,0.006628772007382766,0.03964765192358755,-2.5492156129861483
43,Zimbabwe,1,1,0,1187,2107,5.1,2.8,21.1,4.4,2068.5679868817083,3.426802101555304,2.518967225964097,10.934023606569102,8.964089569318475,1.0566702009162832,0.4109694240614774,0.00547478508395427,0.03904235316440463,-2.66345725425313
44,Afghanistan,0,0,0,1224,NA,1.6,NA,6.9,0.9,NA,NA,NA,NA,NA,NA,NA,NA,NA,NA
45,Bahrain,0,0,0,NA,NA,NA,NA,30,12.1,73699.82981907469,3.955477012752495,4.217834078389693,35.26630393332905,11.492484523609235,-0.9843127622985417,0.6845007444973343,-0.023865277930098405,0.03300623650904055,-2.969688391649815
46,Bangladesh,1,1,0,846,1221,4,2.6,6.8,3.2,3081.460720470882,4.314641527682239,2.1961127399016123,14.337888735462911,10.489235508869768,-1.4669034257728462,NaN,NA,0.04223358188755811,NA
47,Burma,1,1,0,517,1031,4.5,1.7,11.4,3.5,12086.413053136866,5.400801802661781,1.7644113487359503,11.473102433486813,6.9775376512101035,-1.1415433384442115,NaN,NA,0.07153854939726093,NA
48,Hong Kong,1,1,0,3085,13372,8.9,3,19.9,7.2,29315.002175837973,5.408796146968697,1.708129342570519,23.104913788847632,8.36792476723913,-0.8731549345948613,0.5159413465298713,0.006843511900930244,0.027680760773364458,-2.96412574215715
49,India,1,1,0,978,1339,3.6,2.4,16.8,5.1,5973.382662823282,5.202827061837567,2.2240542589565315,20.318083022721112,13.460765037597556,-1.4331766946667985,0.35918819531798374,0.006318644517991245,0.04162886086851359,-2.656577239196835
50,Iran,0,0,0,3606,7400,6.3,3.4,18.4,6.5,3480.8011413217,2.7093547823388686,2.766980528503482,26.075367839075632,15.167723417361445,-0.9396525412637924,0.5950371441431341,-0.018045121792850338,0.044455738738179214,-2.9172830397637854
51,Iraq,0,0,0,4916,5626,3.8,3.2,16.2,7.4,22758.872576681333,3.7790234679641266,3.0700112415546155,18.054133232820917,11.383385584706229,-1.5013663805589816,0.8002330666338958,-0.009474519666387127,0.05398617312312126,-2.5874475991975423
52,Israel,1,1,0,4802,10450,5.9,2.8,28.5,9.5,21888.47011326195,4.976422706243677,2.4789656820075168,28.71123512741179,15.59619863128624,-0.7683705800453517,0.46808736398816086,0.0037792006347030505,0.037940800859360024,-2.7104081040597277
53,Japan,1,1,1,3493,13893,6.8,1.2,36,10.9,23758.662224024334,3.4144204651596066,0.31476453844221375,31.211409834213555,9.054390890924095,-0.5272388610540362,0.43476542457938183,0.006207145832267447,0.036759760259883485,-3.076626728535551
54,Jordan,1,1,0,2183,4312,5.4,2.7,17.6,10.8,1985.3799905624035,4.477363938574586,4.634844903824975,31.314262654632337,15.243914776396432,-1.2306553024466655,0.5187333505600691,-0.01259639803549184,0.03585746555472725,-2.664853988840976
55,"Korea, South",1,1,0,1285,4775,7.9,2.7,22.3,10.2,29922.64534444905,6.749903450726791,1.5471036297764806,32.54061162006111,9.656610354673004,-1.044060872484505,0.4996811570599675,0.013466353615033455,0.041970961581682786,-2.6463670597931723
56,Kuwait,0,0,0,77881,25635,2.4,6.8,9.5,9.6,68562.5387091843,1.4015448040956224,4.894614515816231,23.72387339947401,16.527684037193193,-1.2874760666902965,0.764359560277727,-0.04803252628612087,0.06052331171101994,-2.789744149348646
57,Malaysia,1,1,0,2154,5788,7.1,3.2,23.2,7.3,15286.62027139627,6.134269751572741,2.883719223360126,26.358377793803818,13.817212855586801,-1.4216249912647805,0.6755773834884169,-0.00479363763939733,0.04449933356954716,-2.680295625055348
58,Nepal,1,0,0,833,974,2.6,2,5.9,2.3,2902.610386863695,3.9923500805716383,1.9520438348485714,14.737466067890642,11.939370982092306,-1.4758267566204213,NaN,NA,0.03515759459696711,NA
59,Oman,0,0,0,NA,15584,NA,3.3,15.6,2.7,60366.54641513953,5.998009058303744,4.085566346289871,29.733444115629897,14.410164567303685,-0.9313208595012723,0.6730758009685411,NA,0.049455472302657594,NA
60,Pakistan,1,1,0,1077,2175,5.8,3,12.2,3,4999.660422145474,5.323648391756874,2.788129065759004,11.272350954823192,7.123817953892367,-1.420596735281341,NaN,NA,0.06973787402966992,NA
61,Philippines,1,1,0,1668,2430,4.5,3,14.9,10.6,4148.4911121484265,4.244807750841417,2.748046534069859,17.334596125874672,11.785546729580577,-1.3319924988093264,0.5635625310242176,-0.00428730241049502,0.04822455666726456,-2.6392092667925735
62,Saudi Arabia,0,0,0,6731,11057,6.1,4.1,12.8,3.1,81119.23355886905,3.416820938574139,4.780228763888017,31.697981363093408,13.268339597457947,-1.3092777208165014,0.6751228421926496,-0.04832965879817086,0.054703818910099844,-2.9155090083208597
63,Singapore,1,1,0,2793,14678,9.2,2.6,32.2,9,34949.88860153835,6.819329640775806,2.6198084328977966,43.7935225199908,3.7088908102202107,-1.0266666958347195,0.5700219566933808,-6.441794694365122e-4,0.043837533507030464,-2.667991785555557
64,Sri Lanka,1,1,0,1794,2482,3.7,2.4,14.8,8.3,11288.656489997697,4.624600449126515,1.6141369353205537,19.738633767701682,17.543453848637864,-1.5167932566784403,0.5939555303193629,0.0032604210022662006,0.07407848961884156,-2.370004774297637
65,Syria,1,1,0,2382,6042,6.7,3,15.9,8.8,2300.599281408717,2.9843223507716843,3.0411769250447085,12.67883410910145,14.513763571954607,-0.19664029765741783,NaN,NA,0.04879354237345979,NA
66,Taiwan,0,0,0,NA,NA,8,NA,20.7,NA,NA,6.91068231623817,NA,25.886107026599355,NaN,-1.2369403853651897,0.27827788051217794,0.022455788476932526,0.04918763937894255,NA
67,Thailand,1,1,0,1308,3220,6.7,3.1,18,4.4,13572.043870983349,5.887626388845435,2.0275912487362824,23.753083311021324,9.36695155614111,-1.3636052838351889,0.5581968612968919,0.003953492333347297,0.059757118579000235,-2.477098928727744
68,U.A.E.,0,0,0,NA,18513,NA,NA,26.5,NA,92177.55573660624,5.276004845693261,7.735074634448136,35.4454618913156,9.581384175718798,-1.4959946205409385,NaN,NA,0.03225273138808983,NA
69,Yemen,0,0,0,NA,1918,NA,2.5,17.2,0.6,1584.3370543424746,0.9292495936508383,3.172320243379878,15.427938603929118,11.658168353039782,-0.34544196705943064,NaN,NA,0.0337940168700048,NA
70,Austria,1,1,1,5939,13327,3.6,0.4,23.4,8,22884.065799527576,2.580166166829767,0.407156983298651,27.207191032357514,12.702543437230206,-0.6626282121156373,0.3819024683907628,0.007513806330294193,0.03808859363198281,-3.0022742296568743
71,Belgium,1,1,1,6789,14290,3.5,0.5,23.4,9.3,26250.70749575176,2.561393159823644,0.38322185907893047,29.26894142292441,10.587830463887471,-0.7577021016690461,0.35943873692303896,0.00866962349732514,0.04111420316621662,-2.925906903942271
72,Cyprus,0,0,0,2948,NA,5.2,NA,31.2,8.2,16973.854196217453,4.49306110953227,1.6295363380441463,39.806902757845826,7.61219222407428,-1.058862211101015,0.46767658228054665,0.016183347435373197,0.036110687535256154,-2.6796172991806015
73,Denmark,1,1,1,8551,16491,3.2,0.6,26.6,10.7,30138.92342933968,2.4266883383396554,0.3988717690672994,26.087255124002702,10.93821427910873,-0.5624572890455727,0.3605397343635558,0.006877805571288587,0.037212601338978864,-3.034907196056119
74,Finland,1,1,1,6527,13779,3.7,0.7,36.9,11.5,27064.319393536556,2.6387054002638077,0.3475250507555039,32.443516049534075,10.825150899264118,-0.6496703787012033,0.3822315465658903,0.009726861776850892,0.0362214035121724,-3.0073289397829575
75,France,1,1,1,7215,15027,3.9,1,26.2,8.9,26673.01165900416,2.6763596512513477,0.5673941706396901,26.167616923339665,13.79342009062635,-0.6545589453840318,0.3365123961120843,0.009878523717111953,0.030139481998048723,-3.0858332018255
76,"Germany, W.",1,1,1,7695,15297,3.3,0.5,28.5,8.4,28586.098967287016,2.236712029177368,0.12905278752570748,27.6581000071019,13.711085792265644,-0.6472702170013687,0.3378629395738243,0.010590318656630515,0.034109347441699356,-3.079327079705193
77,Greece,1,1,1,2257,6868,5.1,0.7,29.3,7.9,10055.80698686542,2.681049160071569,0.2745056777667898,27.23820973187685,9.532208342740473,-0.9528616936120713,0.4870581212453544,0.005279596391055463,0.026123714662389837,-3.3770404882184004
78,Iceland,0,0,0,8091,NA,3.9,NA,29,10.2,30342.49578328539,3.6902754833633145,1.537423221566514,33.17502336576582,14.535520669672295,-0.675502618560704,0.34244950395077434,0.009678203712753186,0.03201371181057766,-2.863544197342665
79,Ireland,1,1,1,4411,8675,3.8,1.1,25.9,11.4,42601.95302730263,4.910019229590046,1.200755136189935,26.544470083899796,10.11271477677685,-0.7938586604666132,0.45906312065199006,0.017455311130328832,0.04192816332215444,-2.6395831064102997
80,Italy,1,1,1,4913,11082,3.8,0.6,24.9,7.1,18921.461574466317,2.3790172919098573,0.21104542469616572,26.354021765291684,11.794660099150587,-0.899271722138442,0.43792701978236426,0.003849859306129133,0.03423259328701534,-3.214064745689252
81,Luxembourg,0,0,0,9015,NA,2.8,NA,26.9,5,35101.71055092194,3.43122714539994,1.223381925838929,29.670201521366828,11.310804998621489,-0.7295273629430417,0.496317175682634,3.741150093119483e-4,0.038708408101229004,-2.9697460128398765
82,Malta,0,0,0,2293,NA,6,NA,30.9,7.1,31748.16114228892,5.404201344653403,1.0978264089903211,31.091667036525912,11.23872309482488,-1.0607162912925718,0.42963528027758,0.010314376611959553,0.06667020602617413,-2.4308407499261784
83,Netherlands,1,1,1,7689,13177,3.6,1.4,25.8,10.7,26474.468223655505,2.7952816245775614,0.7975665704371915,24.711161525920037,11.161266342807354,-0.6588517759192786,0.3526775827631353,0.008500395991291043,0.03657705482328311,-2.936461668824937
84,Norway,1,1,1,7938,19723,4.3,0.7,29.1,10,31665.50809108345,2.9736171494015418,0.7368262710262474,28.890044917352498,11.39797185111992,-0.46455831964949323,0.480200476013124,0.007258233637110534,0.0495033230399713,-2.7468458221773617
85,Portugal,1,1,1,2272,5827,4.4,0.6,22.5,5.8,12463.453318414406,3.032722976357971,0.2862442327042025,25.040879845619195,9.770226424007415,-0.9952448044707791,0.3500274308025838,0.0026515374366560263,0.02761433526757173,-3.40736692326737
86,Spain,1,1,1,3766,9903,4.9,1,17.7,8,17193.571444013767,3.236414717148306,0.7778027641682117,25.797407771460712,8.936719615187128,-0.9030771738096218,0.36357138492166996,0.00893029240792198,0.03349953086581082,-2.9915838717751737
87,Sweden,1,1,1,7802,15237,3.1,0.4,24.5,7.9,26637.099419530543,2.431568932239836,0.45441925265159444,28.124964586459107,11.155976892026093,-0.50613988402698,0.36280271131545294,0.007331976501359971,0.036217747663613416,-3.0345995819791023
88,Switzerland,1,1,1,10308,15881,2.5,0.8,29.7,4.8,23644.91192319758,2.1440103809583055,0.8067650744394861,35.35022367723286,10.94234795735117,-0.583740089162697,0.34967921487987064,0.0028314188411182606,0.04788937227567658,-2.833810010385948
89,Turkey,1,1,1,2274,4444,5.2,2.5,20.2,5.5,11176.675779239307,4.762141048418389,2.1475190251870613,24.572047591209415,16.413403904450288,-1.3426189227056617,0.572631720919162,-0.003322918245917905,0.05065058905165643,-2.6765099497678095
90,United Kingdom,1,1,1,7634,13331,2.5,0.3,18.4,8.9,23787.607105058443,2.213624266317349,0.3861709671798996,22.376964194700122,12.903213060761514,-0.7123772495120974,0.4017871683463454,0.0046262349131804825,0.03682341543026269,-3.094197504968029
91,Barbados,0,0,0,3165,NA,4.8,NA,19.5,12.1,9093.847312596297,2.2275946718570694,0.5292321636380048,16.18250863975845,13.463263558207403,-0.6430923901376097,0.25344121828675303,0.003437010228338311,0.04175902111455798,-2.9860126033746868
92,Canada,1,1,1,10286,17935,4.2,2,23.3,10.6,26340.354183698528,2.98703100841875,1.4612932992453587,24.378078826703135,10.410131407570484,-0.7088205405236355,0.3138364190235734,0.0032615245127920467,0.03556537337135524,-2.9291989144930195
93,Costa Rica,1,1,0,3360,4492,4.7,3.5,14.7,7,9877.293803576158,4.438911958243774,2.666563670026334,14.787720155436546,11.94576336657529,-1.0229754647564349,0.4485624865628779,-3.538005996044369e-4,0.04923597321612761,-2.582989587152537
94,Dominican Rep.,1,1,0,1939,3308,5.1,2.9,17.1,5.8,9489.430593582594,5.08614057734087,2.47039751334186,20.278745779069148,13.57901637530045,-1.1791663076995058,0.44213154492899764,-0.002996041502375091,0.043614357709884644,-2.7284219327913783
95,El Salvador,1,1,0,2042,1997,3.3,3.3,8,3.9,3600.8438162894627,2.651645798531388,1.7315408200153204,12.678641057573259,11.422431505901233,-0.9483753195076097,0.5157514062463021,-0.01388905680069541,0.057014001358766116,-2.806098305091919
96,Guatemala,1,1,0,2481,3034,3.9,3.1,8.8,2.4,4768.716438910811,3.8156322102661067,2.7444548513753553,13.732311467174437,7.942821912033576,-1.1808859757186834,0.5386238438077271,-5.676006714853132e-4,0.040506336488761015,-2.69735829878071
97,Haiti,1,1,0,1096,1237,1.8,1.3,7.1,1.9,1209.1375884119007,2.13556589349555,1.9764230800253912,30.361288075800978,3.45956052095711,-1.857426682736366,NaN,NA,0.01621523038193119,NA
98,Honduras,1,1,0,1430,1822,4,3.1,13.8,3.7,2129.317434581194,3.721906215346782,3.068504799816174,17.717662767972804,8.471005498182272,-1.1271404190808,0.4150463265401346,-0.0044510700723310315,0.052720645791850984,-2.5388819748568934
99,Jamaica,1,1,0,2726,3080,2.1,1.6,20.6,11.2,2911.820027021765,1.4382182293187107,1.3320969602866661,18.111681635491554,15.39295455066836,-0.7732034133619213,0.4351177639327942,-0.0026526881578372574,0.03300120093626902,-3.131105764513503
100,Mexico,1,1,0,4229,7380,5.5,3.3,19.5,6.6,7805.10977434992,3.4890456272948844,2.487268009907795,18.910638499073688,15.999803757941507,-0.9788136192609114,0.6250548814423382,-0.007039862201522307,0.03476783481892199,-2.9450267502569547
101,Nicaragua,1,1,0,3195,3978,4.1,3.3,14.5,5.8,3397.0088524520634,2.696675684608807,2.596785422076353,20.390684856101863,9.160077609573536,-1.5068408923400238,0.4606516821817914,-0.011939878192425368,0.036438017181353644,-2.9864555713259286
102,Panama,1,1,0,2423,5021,5.9,3,26.1,11.6,15212.722890664065,5.607530191680921,2.5724063360234695,23.002686834661297,13.248854298316058,-1.0343948844487971,0.5588591624389996,-0.003279892142239338,0.04397041478659958,-2.711838577879495
103,Trinidad and Tobago,1,1,0,9253,11285,2.7,1.9,20.4,8.8,22476.704086348116,2.625743457180829,1.190108437589088,13.47915430378635,11.938657950677584,-0.740225223702506,0.5279198260977863,-0.0020411449303079365,0.0474080836866051,-2.8600128715554507
104,United States,1,1,1,12362,18988,3.2,1.5,21.1,11.9,39601.79409750664,3.010005280243533,1.1238505129242737,24.15407479275018,11.5500192744556,-0.7095477837121169,0.38626978639513243,0.005903267676225399,0.03756398899713532,-2.9057862405018033
105,Argentina,1,1,0,4852,5533,2.1,1.5,25.3,5,7833.583539739017,2.109619435483401,1.3361593154647133,14.606564946006987,12.161691045408016,-0.49057540531112964,0.540481880772859,-0.00471642816624962,0.03425786961452104,-3.1488127188851176
106,Bolivia,1,1,0,1618,2055,3.3,2.4,13.3,4.9,2615.3763648314934,2.9714455530921002,2.189530069107981,15.77433306956664,17.58599850133245,-1.1728224713025814,0.48324625892564654,-0.0031530738468233954,0.05022879666648806,-2.6740688117078495
107,Brazil,1,1,0,1842,5563,7.3,2.9,23.2,4.7,5574.083631555421,3.9529712549446483,2.141875995339393,19.147332431748513,15.733155029139255,-1.1089845084137349,0.4637855850160124,-0.0012627051143082602,0.04826097434852272,-2.6821335206090913
108,Chile,1,1,0,5189,5533,2.6,2.3,29.7,7.7,18778.609780017337,3.8112045405193085,1.7133327693344302,19.380793836899098,12.821565862737257,-0.9709008860135678,0.5539228338748217,-0.0019129818547912736,0.029182602040236826,-3.1144494180814815
109,Colombia,1,1,0,2672,4405,5,3,18,6.1,6727.013753296534,3.9864216571786626,2.4735492833487305,21.04378051590175,15.18546902743961,-1.1887483580598963,0.5230062347836792,4.3202471882008986e-4,0.03239574498729781,-2.854870717895089
110,Ecuador,1,1,0,2198,4504,5.7,2.8,24.4,7.2,5356.627148740207,4.0770533027886025,2.6158137725998287,28.299614961724735,15.448416818080622,-1.347966867868568,0.4993787845596672,0.0058089428058549775,0.038660981983412064,-2.650327727407677
111,Guyana,0,0,0,2761,NA,1.1,NA,32.400002,11.7,69803.82855870461,5.218683241922872,1.0015437032189434,20.626913480184697,15.967981336011428,-1.0464261409491906,NaN,NA,NaN,NA
112,Paraguay,1,1,0,1951,3914,5.5,2.7,11.7,4.4,5523.419493236127,4.20588291844306,2.498713888317061,20.85529742762447,10.714939219263917,-1.0231376363790043,0.5371110392734408,-0.0014748353407072479,0.03925612138118595,-2.7683031197881527
113,Peru,1,1,0,3310,3775,3.5,2.9,12,8,6310.681466323926,3.371250344181531,2.317844924680035,17.37591815181077,12.973609727811407,-1.114513976929908,0.46834501391276717,-0.007066058196386615,0.05326112121110783,-2.6682501520244517
114,Surinam,0,0,0,3226,NA,4.5,NA,19.4,8.1,25010.991333269903,1.7660884207256977,1.8314470886736434,27.894031987697986,14.220761039114487,-0.7812407259675609,0.5340380446583615,NA,0.055724700016004075,NA
115,Uruguay,1,1,0,5119,5495,0.9,0.6,11.8,7,15426.263899189897,2.2710381142912572,0.4958873624938187,17.77084813220426,14.415336616873992,-0.7817178081055651,0.48624294670298707,0.0029412019599599493,0.031692763324826956,-3.229107012687436
116,Venezuela,1,1,0,10367,6336,1.9,3.8,11.4,7,3950.4981068361185,0.8215912007715431,2.37746241495167,23.96962514631014,10.96537210925558,1.6079422573612232,0.5782949390122667,-0.023824772265595096,0.03930626530200244,-3.2376479950266845
117,Australia,1,1,1,8440,13409,3.8,2,31.5,9.8,24572.412322952623,3.3475783467119102,1.6093219061759312,27.767009823583066,10.959633530324538,-0.5781240299220001,0.3739702543243766,0.004131315346994846,0.02796636780840345,-3.0325850264226117
118,Fiji,0,0,0,3634,NA,4.2,NA,20.6,8.1,7773.248907129527,3.0028845433922813,1.7672026824314235,20.547107711900026,17.56641966901216,-1.1193363415251054,0.4521276151592082,-0.0032282933279118575,0.08924044424202295,-2.2664057526449786
119,Indonesia,1,1,0,879,2159,5.5,1.9,13.9,4.1,5555.311567667208,5.151941056530696,2.1192131717417295,19.502405822277076,10.064445608671583,-1.4206717339380013,0.4924507336691023,0.0033853653583586496,0.038416661816881977,-2.7647132728785544
120,New Zealand,1,1,1,9523,12308,2.7,1.7,22.5,11.9,20481.950357163703,2.6729512682116763,1.4324043076788362,22.593786939978603,14.813947628308572,-0.5951048115294928,0.41747017484158255,-3.8665668978854484e-4,0.029823326360201467,-3.1290188333593423
121,Papua New Guinea,1,0,0,1781,2544,3.5,2.1,16.2,1.5,NA,NA,NA,NA,NA,NA,NA,NA,NA,NA
